-- Insert into LOCATION table
INSERT INTO LOCATION (ID, NAME) VALUES (1, 'Location 1');
INSERT INTO LOCATION (ID, NAME) VALUES (2, 'Location 2');

-- Insert into ATTRACTIONS table
INSERT INTO ATTRACTIONS (ID, NAME, URL_NAME, DESCRIPTION, LOCATION_ID, TYPE) VALUES (1, 'Attraction 1', 'attraction-1', 'Description 1', 1, 'Type A');
INSERT INTO ATTRACTIONS (ID, NAME, URL_NAME, DESCRIPTION, LOCATION_ID, TYPE) VALUES (2, 'Attraction 2', 'attraction-2', 'Description 2', 1, 'Type B');
INSERT INTO ATTRACTIONS (ID, NAME, URL_NAME, DESCRIPTION, LOCATION_ID, TYPE) VALUES (3, 'Attraction 3', 'attraction-3', 'Description 3', 1, 'Type C');
INSERT INTO ATTRACTIONS (ID, NAME, URL_NAME, DESCRIPTION, LOCATION_ID, TYPE) VALUES (4, 'Attraction 4', 'attraction-4', 'Description 4', 2, 'Type A');
INSERT INTO ATTRACTIONS (ID, NAME, URL_NAME, DESCRIPTION, LOCATION_ID, TYPE) VALUES (5, 'Attraction 5', 'attraction-5', 'Description 5', 2, 'Type B');
INSERT INTO ATTRACTIONS (ID, NAME, URL_NAME, DESCRIPTION, LOCATION_ID, TYPE) VALUES (6, 'Attraction 6', 'attraction-6', 'Description 6', 2, 'Type C');

-- Insert into USER_ENTITY table
INSERT INTO USER_ENTITY (ID, NAME, EMAIL) VALUES (1, 'User 1', 'user1@example.com');
INSERT INTO USER_ENTITY (ID, NAME, EMAIL) VALUES (2, 'User 2', 'user2@example.com');

-- Insert into USER_FAVORITE_ATTRACTIONS join table
INSERT INTO USER_FAVORITE_ATTRACTIONS (USER_ID, ATTRACTION_ID) VALUES (1, 1);
INSERT INTO USER_FAVORITE_ATTRACTIONS (USER_ID, ATTRACTION_ID) VALUES (1, 2);
INSERT INTO USER_FAVORITE_ATTRACTIONS (USER_ID, ATTRACTION_ID) VALUES (1, 3);
INSERT INTO USER_FAVORITE_ATTRACTIONS (USER_ID, ATTRACTION_ID) VALUES (2, 4);
INSERT INTO USER_FAVORITE_ATTRACTIONS (USER_ID, ATTRACTION_ID) VALUES (2, 5);
INSERT INTO USER_FAVORITE_ATTRACTIONS (USER_ID, ATTRACTION_ID) VALUES (2, 6);
