-- Insert into LOCATION table
INSERT INTO LOCATION (ID, NAME) VALUES (1, 'Location 1');
INSERT INTO LOCATION (ID, NAME) VALUES (2, 'Location 2');

-- Insert into ATTRACTIONS table
INSERT INTO ATTRACTIONS (ID, NAME, URL_NAME, DESCRIPTION, LOCATION_ID, TYPE) VALUES (1, 'Attraction 1', 'attraction 1', 'Description 1', 1, 'PARK');
INSERT INTO ATTRACTIONS (ID, NAME, URL_NAME, DESCRIPTION, LOCATION_ID, TYPE) VALUES (2, 'Attraction 2', 'attraction 2', 'Description 2', 1, 'CRKVA');
INSERT INTO ATTRACTIONS (ID, NAME, URL_NAME, DESCRIPTION, LOCATION_ID, TYPE) VALUES (3, 'Attraction 3', 'attraction 3', 'Description 3', 1, 'ULICA');
INSERT INTO ATTRACTIONS (ID, NAME, URL_NAME, DESCRIPTION, LOCATION_ID, TYPE) VALUES (4, 'Attraction 4', 'attraction 4', 'Description 4', 2, 'PARK');
INSERT INTO ATTRACTIONS (ID, NAME, URL_NAME, DESCRIPTION, LOCATION_ID, TYPE) VALUES (5, 'Attraction 5', 'attraction 5', 'Description 5', 2, 'CRKVA');
INSERT INTO ATTRACTIONS (ID, NAME, URL_NAME, DESCRIPTION, LOCATION_ID, TYPE) VALUES (6, 'Attraction 6', 'attraction 6', 'Description 6', 2, 'ULICA');

-- Insert into USER_ENTITY table
INSERT INTO USER_ENTITY (ID, NAME, EMAIL) VALUES (1, 'User 1', 'user1@example.com');
INSERT INTO USER_ENTITY (ID, NAME, EMAIL) VALUES (2, 'User 2', 'user2@example.com');

-- Insert into USER_FAVORITE_ATTRACTIONS join table
INSERT INTO USER_FAVORITE_ATTRACTIONS (USER_ID, ATTRACTION_ID) VALUES (1, 1);
INSERT INTO USER_FAVORITE_ATTRACTIONS (USER_ID, ATTRACTION_ID) VALUES (1, 2);
INSERT INTO USER_FAVORITE_ATTRACTIONS (USER_ID, ATTRACTION_ID) VALUES (1, 3);
INSERT INTO USER_FAVORITE_ATTRACTIONS (USER_ID, ATTRACTION_ID) VALUES (2, 4);
INSERT INTO USER_FAVORITE_ATTRACTIONS (USER_ID, ATTRACTION_ID) VALUES (2, 5);
INSERT INTO USER_FAVORITE_ATTRACTIONS (USER_ID, ATTRACTION_ID) VALUES (2, 6);

-- Insert into TRAVEL_JOURNAL table
INSERT INTO TRAVEL_JOURNAL (ID, START_DATE, END_DATE, DESCRIPTION, USER_ID) VALUES (1, '2023-01-01', '2023-01-10', 'Trip to Europe', 1);
INSERT INTO TRAVEL_JOURNAL (ID, START_DATE, END_DATE, DESCRIPTION, USER_ID) VALUES (2, '2023-02-01', '2023-02-15', 'Trip to Asia', 2);

-- Insert into TRAVEL_JOURNAL_DETAILS table
INSERT INTO TRAVEL_JOURNAL_DETAILS (ID, LOCATION, ATTRACTION, COMMENT, DATE, TRAVEL_JOURNAL_ID) VALUES (1, 'Location 1', 'Attraction 1', 'Amazing view', '2023-01-02', 1);
INSERT INTO TRAVEL_JOURNAL_DETAILS (ID, LOCATION, ATTRACTION, COMMENT, DATE, TRAVEL_JOURNAL_ID) VALUES (2, 'Location 1', 'Attraction 2', 'Historical site', '2023-01-05', 1);
INSERT INTO TRAVEL_JOURNAL_DETAILS (ID, LOCATION, ATTRACTION, COMMENT, DATE, TRAVEL_JOURNAL_ID) VALUES (3, 'Location 2', 'Attraction 4', 'Very busy', '2023-02-03', 2);
INSERT INTO TRAVEL_JOURNAL_DETAILS (ID, LOCATION, ATTRACTION, COMMENT, DATE, TRAVEL_JOURNAL_ID) VALUES (4, 'Location 2', 'Attraction 5', 'Beautiful', '2023-02-10', 2);





